{
  "version": "2",
  "headers": {
    "content-type": "application/json",
    "authorization": "Bear eyJhbGciOiJIUzI1NiIsInR5cCI6IkpXVCJ9.eyJlbWFpbCI6InRlc3RAZ21haWwuY29tIiwiaWF0IjoxNzAwMDQ3NzQxLCJleHAiOjE3MDAwNTQ5NDF9.7X96jPpfGj4C5Y17CaYuLxv2EcYlMTVFXNYXdYvyN6o"
  },
  "isBase64Encoded": false,
  "rawQueryString": "",
  "requestContext": {
    "http": {
      "method": "POST"
    }
  },
  "rawPath": "/",
  "routeKey": "/",
  "body": "{\"operationName\": null, \"variables\": null, \"query\": \"{ tasks { id content complete user {name surname}} }\"}"
}