{
  "version": "2",
  "headers": {
    "content-type": "application/json",
    "authorization": "Bear eyJhbGciOiJIUzI1NiIsInR5cCI6IkpXVCJ9.eyJlbWFpbCI6ImpvaG5AZ21haWwuY29tIiwiaWF0IjoxNzAwMTEwNjQ2LCJleHAiOjE3MDAxMTc4NDZ9.qLeq-1qJfzqg0Kbzu9tFLTIcMGBlsIWwYfWUuoJBKBE"
  },
  "isBase64Encoded": false,
  "rawQueryString": "",
  "requestContext": {
    "http": {
      "method": "POST"
    }
  },
  "rawPath": "/",
  "routeKey": "/",
  "body": "{\"operationName\": null, \"variables\": null, \"query\": \"{ tasks { id content complete user {name surname}} }\"}"
}